{
  "predictions": [
    {
      "sim_id": 0,
      "mse": 0.015850387513637543,
      "mae": 0.10241040587425232,
      "rmse": 0.1258983165025711
    },
    {
      "sim_id": 5,
      "mse": 0.013596147298812866,
      "mae": 0.09330740571022034,
      "rmse": 0.11660251766443253
    },
    {
      "sim_id": 17,
      "mse": 0.015039168298244476,
      "mae": 0.09975320100784302,
      "rmse": 0.12263428419828415
    }
  ],
  "average": {
    "mse": 0.014828567393124104,
    "mae": 0.09849033504724503,
    "rmse": 0.12177260220050812
  }
}