{
  "config": "configs/gnn_fast_multi_source_seq10.yaml",
  "experiment_name": "gnn_fast_multi_source_seq10_ep10",
  "saved_samples": 1,
  "mean_mae": 0.09927573055028915,
  "mean_mse": 0.050376102328300476,
  "mean_rmse": 0.22444621255058075,
  "samples": [
    {
      "mae": 0.09927573055028915,
      "mse": 0.050376102328300476,
      "rmse": 0.22444621255058075,
      "sim_id": 4,
      "start_timestep": 0,
      "file": "results/gnn_experiments/fast_multi_source/seq10/sample_01_sim4_t0.png"
    }
  ]
}